[
	{
	"pillar":"1-Shahadah (\"to testify\")",
	"what":"Reciting: There is no God but Allah, and Muhammad is his prophet.",
	"image":"images/img0.jpg"
	},
	{
	"pillar":"2-Salat (\"five daily prayers\")",
	"what":"Praying finve times a day while facing Mecca, using prescribed prayers",
	"image":"images/img1.jpg"
	},
	{
	"pillar":"3-Zakat (\"to grow\")",
	"what":"Giving to the poor",
	"image":"images/img2.jpg"
	},
	{
	"pillar":"4-Sawm (\"to abstain\")",
	"what":"Fasting from all food and drink from sunrise to sunset during the month of Ramadan",
	"image":"images/img3.jpg"
	},
	{
	"pillar":"5-Hajj (\"pilgrimage\")",
	"what":"Every able Muslim is required to visit Mecca once in his or her lifetime",
	"image":"images/img4.jpg"
	}
]